-----------------------
Section 1
-----------------------

1 Select the names of all users.

  SELECT name FROM users;
         name        
  -------------------
   Rick Henry
   Jay Chetty
   Keith Douglas
   Valerie Gibson
   Steven Meiklejohn
   Zak Buys
   Harry Swan
   Henry Dashwood
   Seumus Blair
   David MacKintosh
   Allan Harrison
   Chris Wood
   Adam Pinner
   Jeffrey Lloyd
   Alistair MacKay
   Andrew Craib
   Rebecca Kelly
   Hamish Edmondson
   Wojciech Tartanus
   Donald Lessels
   Aidan Pinkman
   Lewis Johnston
  (22 rows)

2 Select the names of all shows that cost less than £15.

  SELECT name FROM shows WHERE price < 15.00
               name             
  ------------------------------
   Le Haggis
   Paul Dabek Mischief 
   Best of Burlesque
   Two become One
   Urinetown
   Two girls, one cup of comedy
  (6 rows)

3 Insert a user with the name "Val Gibson" into the users table.

  fringe_shows=# INSERT INTO users (name) VALUES ('Val Gibson');

         name        
  -------------------
   Rick Henry
   Jay Chetty
   Keith Douglas
   Valerie Gibson
   Steven Meiklejohn
   Zak Buys
   Harry Swan
   Henry Dashwood
   Seumus Blair
   David MacKintosh
   Allan Harrison
   Chris Wood
   Adam Pinner
   Jeffrey Lloyd
   Alistair MacKay
   Andrew Craib
   Rebecca Kelly
   Hamish Edmondson
   Wojciech Tartanus
   Donald Lessels
   Aidan Pinkman
   Lewis Johnston
   Val Gibson
  (23 rows)

4 Select the id of the user with your name.

  fringe_shows=# SELECT id FROM users WHERE name = 'Donald Lessels';
   id 
  ----
   20
  (1 row)

5 Insert a record that Val Gibson wants to attend the show "Two girls, one cup of comedy".

  fringe_shows=# INSERT INTO "shows_users" (show_id, user_id) VALUES (12, 23);
  INSERT 0 1

   id | show_id | user_id 
  ----+---------+---------
    1 |       1 |       1
    2 |       1 |       2
    4 |      12 |      23
  (3 rows)


6 Updates the name of the "Val Gibson" user to be "Valerie Gibson".

  fringe_shows=# UPDATE users SET name = 'Valerie Gibson' WHERE name = 'Val Gibson';

   id |       name        
  ----+-------------------
    1 | Rick Henry
    2 | Jay Chetty
    3 | Keith Douglas
    4 | Valerie Gibson
    5 | Steven Meiklejohn
    6 | Zak Buys
    7 | Harry Swan
    8 | Henry Dashwood
    9 | Seumus Blair
   10 | David MacKintosh
   11 | Allan Harrison
   12 | Chris Wood
   13 | Adam Pinner
   14 | Jeffrey Lloyd
   15 | Alistair MacKay
   16 | Andrew Craib
   17 | Rebecca Kelly
   18 | Hamish Edmondson
   19 | Wojciech Tartanus
   20 | Donald Lessels
   21 | Aidan Pinkman
   22 | Lewis Johnston
   23 | Valerie Gibson
  (23 rows)

7 Deletes the user with the name 'Valerie Gibson'.

  fringe_shows=# DELETE FROM users WHERE id = 23;

   id |       name        
  ----+-------------------
    1 | Rick Henry
    2 | Jay Chetty
    3 | Keith Douglas
    4 | Valerie Gibson
    5 | Steven Meiklejohn
    6 | Zak Buys
    7 | Harry Swan
    8 | Henry Dashwood
    9 | Seumus Blair
   10 | David MacKintosh
   11 | Allan Harrison
   12 | Chris Wood
   13 | Adam Pinner
   14 | Jeffrey Lloyd
   15 | Alistair MacKay
   16 | Andrew Craib
   17 | Rebecca Kelly
   18 | Hamish Edmondson
   19 | Wojciech Tartanus
   20 | Donald Lessels
   21 | Aidan Pinkman
   22 | Lewis Johnston
  (22 rows)

8 Deletes the shows for the user you just deleted.

  fringe_shows=# DELETE FROM shows_users WHERE id = 4;

   id | show_id | user_id 
  ----+---------+---------
    1 |       1 |       1
    2 |       1 |       2
  (2 rows)


-----------------------
Section 2
-----------------------

1 Select the names and prices of all shows, ordered by price in ascending order.

  fringe_shows=# SELECT name, price FROM shows ORDER BY price ASC;
                    name                   | price 
  -----------------------------------------+-------
   Two girls, one cup of comedy            |  6.00
   Best of Burlesque                       |  7.99
   Two become One                          |  8.50
   Urinetown                               |  8.50
   Paul Dabek Mischief                     | 12.99
   Le Haggis                               | 12.99
   Joe Stilgoe: Songs on Film – The Sequel | 16.50
   Game of Thrones - The Musical           | 16.50
   Shitfaced Shakespeare                   | 16.50
   Aaabeduation – A Magic Show             | 17.99
   Camille O'Sullivan                      | 17.99
   Balletronics                            | 32.00
   Edinburgh Royal Tattoo                  | 32.99
  (13 rows)

2 Select the average price of all shows.

  fringe_shows=# SELECT AVG(price) FROM shows;
           avg         
  ---------------------
   15.9569230769230769
  (1 row)

3 Select the price of the least expensive show.

  fringe_shows=# SELECT MIN(price) FROM shows;
   min  
  ------
   6.00
  (1 row)

4 Select the sum of the price of all shows.

  fringe_shows=# SELECT SUM(price) FROM shows;
    sum   
  --------
   207.44
  (1 row)

5 Select the sum of the price of all shows whose prices is less than £20.

  fringe_shows=# SELECT SUM(price) FROM shows WHERE price < 20.00;
    sum   
  --------
   142.45
  (1 row)

6 Select the name and price of the most expensive show

  fringe_shows=# SELECT name, price FROM shows WHERE price IN(SELECT MAX(price) FROM shows);
            name          | price 
  ------------------------+-------
   Edinburgh Royal Tattoo | 32.99
  (1 row)

7 Select the name and price of the second from cheapest show.

  fringe_shows=# SELECT name, price FROM shows WHERE price IN(SELECT MAX(price) FROM shows WHERE price IN( SELECT price FROM shows ORDER BY price ASC LIMIT 2));
         name        | price 
  -------------------+-------
   Best of Burlesque |  7.99
  (1 row)

8 Select the names of all users whose names start with the letter "A".

  fringe_shows=# SELECT name FROM users WHERE name LIKE 'A%';
        name       
  -----------------
   Allan Harrison
   Adam Pinner
   Alistair MacKay
   Andrew Craib
   Aidan Pinkman
  (5 rows)

9 Select the names of users whose names contain "el".

  fringe_shows=# SELECT name FROM users WHERE name LIKE '%el%';
        name      
  ----------------
   Rebecca Kelly
   Donald Lessels
  (2 rows)


-----------------------
Section 3
-----------------------

1 Select the time for the Edinburgh Royal Tattoo.

  SELECT time FROM times WHERE show_id IN(SELECT id FROM shows WHERE name = 'Edinburgh Royal Tattoo');
   time  
  -------
   22:00
  (1 row)


2 Select the number of users who want to see "Le Haggis".

  fringe_shows=# SELECT COUNT(user_id) FROM shows_users WHERE user_id IN(SELECT user_id FROM shows_users WHERE show_id IN(SELECT id FROM shows WHERE name = 'Le Haggis'));
   count 
  -------
       2
  (1 row)

3 Select all of the user names and the count of shows they're going to see.


4 SELECT all users who are going to a show at 13:30.

  fringe_shows=# SELECT name FROM users WHERE id IN(SELECT user_id FROM shows_users WHERE show_id IN(SELECT show_id FROM times WHERE time = '13:30'));
      name    
  ------------
   Rick Henry
   Jay Chetty
  (2 rows)











